,POS,Driver,Car,Laps,Time/Retired,PTS,Race
139,1,Charles Leclerc,Ferrari,57,37:33.6,26,BAHRAIN
138,2,Carlos Sainz,Ferrari,57,+5.598s,18,BAHRAIN
137,3,Lewis Hamilton,Mercedes,57,+9.675s,15,BAHRAIN
136,4,George Russell,Mercedes,57,+11.211s,12,BAHRAIN
135,5,Kevin Magnussen,Haas Ferrari,57,+14.754s,10,BAHRAIN
134,6,Valtteri Bottas,Alfa Romeo Ferrari,57,+16.119s,8,BAHRAIN
133,7,Esteban Ocon,Alpine Renault,57,+19.423s,6,BAHRAIN
132,8,Yuki Tsunoda,AlphaTauri RBPT,57,+20.386s,4,BAHRAIN
131,9,Fernando Alonso,Alpine Renault,57,+22.390s,2,BAHRAIN
130,10,Zhou Guanyu,Alfa Romeo Ferrari,57,+23.064s,1,BAHRAIN
129,11,Mick Schumacher,Haas Ferrari,57,+32.574s,0,BAHRAIN
128,12,Lance Stroll,Aston Martin Aramco Mercedes,57,+45.873s,0,BAHRAIN
127,13,Alexander Albon,Williams Mercedes,57,+53.932s,0,BAHRAIN
126,14,Daniel Ricciardo,McLaren Mercedes,57,+54.975s,0,BAHRAIN
125,15,Lando Norris,McLaren Mercedes,57,+56.335s,0,BAHRAIN
124,16,Nicholas Latifi,Williams Mercedes,57,+61.795s,0,BAHRAIN
123,17,Nico Hulkenberg,Aston Martin Aramco Mercedes,57,+63.829s,0,BAHRAIN
122,18,Sergio Perez,Red Bull Racing RBPT,56,DNF,0,BAHRAIN
121,19,Max Verstappen,Red Bull Racing RBPT,54,DNF,0,BAHRAIN
120,NC,Pierre Gasly,AlphaTauri RBPT,44,DNF,0,BAHRAIN
119,1,Max Verstappen,Red Bull Racing RBPT,50,24:19.3,25,SAUDI ARABIA
118,2,Charles Leclerc,Ferrari,50,+0.549s,19,SAUDI ARABIA
117,3,Carlos Sainz,Ferrari,50,+8.097s,15,SAUDI ARABIA
116,4,Sergio Perez,Red Bull Racing RBPT,50,+10.800s,12,SAUDI ARABIA
115,5,George Russell,Mercedes,50,+32.732s,10,SAUDI ARABIA
114,6,Esteban Ocon,Alpine Renault,50,+56.017s,8,SAUDI ARABIA
113,7,Lando Norris,McLaren Mercedes,50,+56.124s,6,SAUDI ARABIA
112,8,Pierre Gasly,AlphaTauri RBPT,50,+62.946s,4,SAUDI ARABIA
111,9,Kevin Magnussen,Haas Ferrari,50,+64.308s,2,SAUDI ARABIA
110,10,Lewis Hamilton,Mercedes,50,+73.948s,1,SAUDI ARABIA
109,11,Zhou Guanyu,Alfa Romeo Ferrari,50,+82.215s,0,SAUDI ARABIA
108,12,Nico Hulkenberg,Aston Martin Aramco Mercedes,50,+91.742s,0,SAUDI ARABIA
107,13,Lance Stroll,Aston Martin Aramco Mercedes,49,+1 lap,0,SAUDI ARABIA
106,14,Alexander Albon,Williams Mercedes,47,DNF,0,SAUDI ARABIA
105,NC,Valtteri Bottas,Alfa Romeo Ferrari,36,DNF,0,SAUDI ARABIA
104,NC,Fernando Alonso,Alpine Renault,35,DNF,0,SAUDI ARABIA
103,NC,Daniel Ricciardo,McLaren Mercedes,35,DNF,0,SAUDI ARABIA
102,NC,Nicholas Latifi,Williams Mercedes,14,DNF,0,SAUDI ARABIA
101,NC,Yuki Tsunoda,AlphaTauri RBPT,0,DNS,0,SAUDI ARABIA
100,NC,Mick Schumacher,Haas Ferrari,0,DNS,0,SAUDI ARABIA
99,1,Charles Leclerc,Ferrari,58,27:46.5,26,AUSTRALIA
98,2,Sergio Perez,Red Bull Racing RBPT,58,+20.524s,18,AUSTRALIA
97,3,George Russell,Mercedes,58,+25.593s,15,AUSTRALIA
96,4,Lewis Hamilton,Mercedes,58,+28.543s,12,AUSTRALIA
95,5,Lando Norris,McLaren Mercedes,58,+53.303s,10,AUSTRALIA
94,6,Daniel Ricciardo,McLaren Mercedes,58,+53.737s,8,AUSTRALIA
93,7,Esteban Ocon,Alpine Renault,58,+61.683s,6,AUSTRALIA
92,8,Valtteri Bottas,Alfa Romeo Ferrari,58,+68.439s,4,AUSTRALIA
91,9,Pierre Gasly,AlphaTauri RBPT,58,+76.221s,2,AUSTRALIA
90,10,Alexander Albon,Williams Mercedes,58,+79.382s,1,AUSTRALIA
89,11,Zhou Guanyu,Alfa Romeo Ferrari,58,+81.695s,0,AUSTRALIA
88,12,Lance Stroll,Aston Martin Aramco Mercedes,58,+88.598s,0,AUSTRALIA
87,13,Mick Schumacher,Haas Ferrari,57,+1 lap,0,AUSTRALIA
86,14,Kevin Magnussen,Haas Ferrari,57,+1 lap,0,AUSTRALIA
85,15,Yuki Tsunoda,AlphaTauri RBPT,57,+1 lap,0,AUSTRALIA
84,16,Nicholas Latifi,Williams Mercedes,57,+1 lap,0,AUSTRALIA
83,17,Fernando Alonso,Alpine Renault,57,+1 lap,0,AUSTRALIA
82,NC,Max Verstappen,Red Bull Racing RBPT,38,DNF,0,AUSTRALIA
81,NC,Sebastian Vettel,Aston Martin Aramco Mercedes,22,DNF,0,AUSTRALIA
80,NC,Carlos Sainz,Ferrari,1,DNF,0,AUSTRALIA
79,1,Max Verstappen,RED BULL RACING RBPT,63,32:08.0,26,ITALY
78,2,Sergio Perez,RED BULL RACING RBPT,63,+16.527s,18,ITALY
77,3,Lando Norris,MCLAREN MERCEDES,63,+34.834s,15,ITALY
76,4,George Russell,MERCEDES,63,+42.506s,12,ITALY
75,5,Valtteri Bottas,ALFA ROMEO FERRARI,63,+43.181s,10,ITALY
74,6,Charles Leclerc,FERRARI,63,+56.072s,8,ITALY
73,7,Yuki Tsunoda,ALPHATAURI RBPT,63,+61.110s,6,ITALY
72,8,Sebastian Vettel,ASTON MARTIN ARAMCO MERCEDES,63,+70.892s,4,ITALY
71,9,Kevin Magnussen,HAAS FERRARI,63,+75.260s,2,ITALY
70,10,Lance Stroll,ASTON MARTIN ARAMCO MERCEDES,62,+1 lap,1,ITALY
69,11,Alexander Albon,WILLIAMS MERCEDES,62,+1 lap,0,ITALY
68,12,Pierre Gasly,ALPHATAURI RBPT,62,+1 lap,0,ITALY
67,13,Lewis Hamilton,MERCEDES,62,+1 lap,0,ITALY
66,14,Esteban Ocon,ALPINE RENAULT,62,+1 lap,0,ITALY
65,15,Zhou Guanyu,ALFA ROMEO FERRARI,62,+1 lap,0,ITALY
64,16,Nicholas Latifi,WILLIAMS MERCEDES,62,+1 lap,0,ITALY
63,17,Mick Schumacher,HAAS FERRARI,62,+1 lap,0,ITALY
62,18,Daniel Ricciardo,MCLAREN MERCEDES,62,+1 lap,0,ITALY
61,NC,Fernando Alonso,ALPINE RENAULT,6,DNF,0,ITALY
60,NC,Carlos Sainz,FERRARI,0,DNF,0,ITALY
59,1,Max Verstappen,RED BULL RACING RBPT,57,34:24.3,26,MIAMI
58,2,Charles Leclerc,FERRARI,57,+3.786s,18,MIAMI
57,3,Carlos Sainz,FERRARI,57,+8.229s,15,MIAMI
56,4,Sergio Perez,RED BULL RACING RBPT,57,+10.638s,12,MIAMI
55,5,George Russell,MERCEDES,57,+18.582s,10,MIAMI
54,6,Lewis Hamilton,MERCEDES,57,+21.368s,8,MIAMI
53,7,Valtteri Bottas,ALFA ROMEO FERRARI,57,+25.073s,6,MIAMI
52,8,Esteban Ocon,ALPINE RENAULT,57,+28.386s,4,MIAMI
51,9,Alexander Albon,WILLIAMS MERCEDES,57,+32.365s,2,MIAMI
50,10,Lance Stroll,ASTON MARTIN ARAMCO MERCEDES,57,+37.026s,1,MIAMI
49,11,Fernando Alonso,ALPINE RENAULT,57,+37.128s,0,MIAMI
48,12,Yuki Tsunoda,ALPHATAURI RBPT,57,+40.146s,0,MIAMI
47,13,Daniel Ricciardo,MCLAREN MERCEDES,57,+40.902s,0,MIAMI
46,14,Nicholas Latifi,WILLIAMS MERCEDES,57,+49.936s,0,MIAMI
45,15,Mick Schumacher,HAAS FERRARI,57,+73.305s,0,MIAMI
44,16,Kevin Magnussen,HAAS FERRARI,56,DNF,0,MIAMI
43,17,Sebastian Vettel,ASTON MARTIN ARAMCO MERCEDES,54,DNF,0,MIAMI
42,NC,Pierre Gasly,ALPHATAURI RBPT,45,DNF,0,MIAMI
41,NC,Lando Norris,MCLAREN MERCEDES,39,DNF,0,MIAMI
40,NC,Zhou Guanyu,ALFA ROMEO FERRARI,6,DNF,0,MIAMI
39,1,Max Verstappen,RED BULL RACING RBPT,66,37:20.5,25,SPAIN
38,2,Sergio Perez,RED BULL RACING RBPT,66,+13.072s,19,SPAIN
37,3,George Russell,MERCEDES,66,+32.927s,15,SPAIN
36,4,Carlos Sainz,FERRARI,66,+45.208s,12,SPAIN
35,5,Lewis Hamilton,MERCEDES,66,+54.534s,10,SPAIN
34,6,Valtteri Bottas,ALFA ROMEO FERRARI,66,+59.976s,8,SPAIN
33,7,Esteban Ocon,ALPINE RENAULT,66,+75.397s,6,SPAIN
32,8,Lando Norris,MCLAREN MERCEDES,66,+83.235s,4,SPAIN
31,9,Fernando Alonso,ALPINE RENAULT,65,+1 lap,2,SPAIN
30,10,Yuki Tsunoda,ALPHATAURI RBPT,65,+1 lap,1,SPAIN
29,11,Sebastian Vettel,ASTON MARTIN ARAMCO MERCEDES,65,+1 lap,0,SPAIN
28,12,Daniel Ricciardo,MCLAREN MERCEDES,65,+1 lap,0,SPAIN
27,13,Pierre Gasly,ALPHATAURI RBPT,65,+1 lap,0,SPAIN
26,14,Mick Schumacher,HAAS FERRARI,65,+1 lap,0,SPAIN
25,15,Lance Stroll,ASTON MARTIN ARAMCO MERCEDES,65,+1 lap,0,SPAIN
24,16,Nicholas Latifi,WILLIAMS MERCEDES,64,+2 laps,0,SPAIN
23,17,Kevin Magnussen,HAAS FERRARI,64,+2 laps,0,SPAIN
22,18,Alexander Albon,WILLIAMS MERCEDES,64,+2 laps,0,SPAIN
21,NC,Zhou Guanyu,ALFA ROMEO FERRARI,28,DNF,0,SPAIN
20,NC,Charles Leclerc,FERRARI,27,DNF,0,SPAIN
19,1,Sergio Perez,RED BULL RACING RBPT,64,56:30.3,25,MONACO
18,2,Carlos Sainz,FERRARI,64,+1.154s,18,MONACO
17,3,Max Verstappen,RED BULL RACING RBPT,64,+1.491s,15,MONACO
16,4,Charles Leclerc,FERRARI,64,+2.922s,12,MONACO
15,5,George Russell,MERCEDES,64,+11.968s,10,MONACO
14,6,Lando Norris,MCLAREN MERCEDES,64,+12.231s,9,MONACO
13,7,Fernando Alonso,ALPINE RENAULT,64,+46.358s,6,MONACO
12,8,Lewis Hamilton,MERCEDES,64,+50.388s,4,MONACO
11,9,Valtteri Bottas,ALFA ROMEO FERRARI,64,+52.525s,2,MONACO
10,10,Sebastian Vettel,ASTON MARTIN ARAMCO MERCEDES,64,+53.536s,1,MONACO
9,11,Pierre Gasly,ALPHATAURI RBPT,64,+54.289s,0,MONACO
8,12,Esteban Ocon,ALPINE RENAULT,64,+55.644s,0,MONACO
7,13,Daniel Ricciardo,MCLAREN MERCEDES,64,+57.635s,0,MONACO
6,14,Lance Stroll,ASTON MARTIN ARAMCO MERCEDES,64,+60.802s,0,MONACO
5,15,Nicholas Latifi,WILLIAMS MERCEDES,63,+1 lap,0,MONACO
4,16,Zhou Guanyu,ALFA ROMEO FERRARI,63,+1 lap,0,MONACO
3,17,Yuki Tsunoda,ALPHATAURI RBPT,63,+1 lap,0,MONACO
2,NC,Alexander Albon,WILLIAMS MERCEDES,48,DNF,0,MONACO
1,NC,Mick Schumacher,HAAS FERRARI,24,DNF,0,MONACO
0,NC,Kevin Magnussen,HAAS FERRARI,19,DNF,0,MONACO
